symbol,exchange,name,sector,industry,slug
2608,HK,Sunshine 100 China,Недвижимость,Операции с недвижимостью,sunshine-100-china-holdings-ltd
1010,HK,Sky Blue 11,Промышленность,Транспортная инфраструктура,pacray-international-holdings-ltd
8495,HK,1957 & Co Hospitality,Потребительские товары выборочного спроса,Гостиничные и развлекательные услуги,1957-co-hospitality
8451,HK,Sunlight 1977,Сырье,Контейнерные перевозки и упаковка,sunlight-1977-holdings-ltd
1598,HK,China 21st Century Education Gr,Образовательные услуги,Профессиональное и бизнес-образование,china-21st-century-education-group
8087,HK,China 33 Media,Потребительские товары выборочного спроса,СМИ и издательское дело,china-33-media-group-ltd
2360,HK,Best Mart 360,Потребительские товары повседневного спроса,Розничная торговля едой и лекарствами,best-mart-360-holdings
3601,HK,360 Ludashi,Технологии,Программное обеспечение и ИТ-услуги,360-ludashi-holdings-ltd
1361,HK,361 Degrees Int,Потребительские товары выборочного спроса,Текстиль и одежда,361-degrees
1244,HK,3D Medicines Biotechnology Shanghai,Здравоохранение,Фармацевтические компании,3d-medicines-biotechnology-shanghai
1530,HK,3SBio,Здравоохранение,Фармацевтические компании,3sbio
2051,HK,51 Credit Card,Технологии,Финансовые технологии (финтех) и инфраструктура,51-credit-card-inc
0797,HK,7Road,Технологии,Программное обеспечение и ИТ-услуги,7road-holdings-ltd
0251,HK,S E A,Недвижимость,Операции с недвижимостью,s-e-a-holdings-ltd
8195,HK,L & A Intl,Образовательные услуги,Профессиональное и бизнес-образование,l-a-international-holdings-ltd
3319,HK,A-Living Services,Недвижимость,Операции с недвижимостью,a-living-services-co-ltd
1483,HK,Net A Go Technology,Промышленность,Профессиональные и коммерческие услуги,u-banquet-group-holding-ltd
1737,HK,A & S Group,Промышленность,Транспортные и логистические услуги,as-group-holdings-limited
0800,HK,A8 New Media,Недвижимость,Операции с недвижимостью,a8-new-media-group-ltd
2018,HK,AAC Technologies,Технологии,Электронное оборудование и запчасти,aac-tech
1615,HK,AB Builders Group,Промышленность,Профессиональные и коммерческие услуги,ab-builders-group
2256,HK,Abbisko Cayman,Здравоохранение,Биотехнологии и медицинские исследования,abbisko-cayman
8131,HK,abc Multiactive,Технологии,Финансовые технологии (финтех) и инфраструктура,abc-multiactive-ltd
1627,HK,Able Engineering,Промышленность,Строительство и проектирование,able-engineering-holdings-ltd
1283,HK,Accel,Промышленность,Строительство и проектирование,accel-group-holdings-ltd
6036,HK,Apex Ace Holding,Технологии,"Компьютеры, телефоны и бытовая электроника",apex-ace-holding-limited
0474,HK,Aceso Life Science,Промышленность,"Оборудование, инструменты, автомобили большой грузоподъемности, железнодорожный и водный транспорт",hao-tian-development-group-ltd
1870,HK,Acme Intl,Промышленность,"Оборудование, инструменты, автомобили большой грузоподъемности, железнодорожный и водный транспорт",acme-international-holdings-ltd
6669,HK,Acotec Scientific Holdings,Здравоохранение,Оборудование и др. поставки для системы здравоохранения,acotec-scientific-holdings
7836,HK,Aquila Acquisition,Финансы,Инвестиционные холдинги,aquila-acquisition
7801,HK,Interra Acquisition,Финансы,Инвестиционные холдинги,interra-acquisition
7827,HK,Vision Deal HK Acquisition,Финансы,Инвестиционные холдинги,vision-deal-hk-acquisition
7855,HK,TechStar Acquisition,Финансы,Инвестиционные холдинги,techstar-acquisition
7841,HK,HK Acquisition,Финансы,Инвестиционные холдинги,hk-acquisition
9919,HK,Activation Gr,Потребительские товары выборочного спроса,СМИ и издательское дело,activation-group-holdings-ltd
2623,HK,Add New Energy Investment,Сырье,Металлургия и горнодобывающая промышленность,add-new-energy-investment-holdings
9860,HK,Adicon Holdings,Здравоохранение,Учреждения и услуги здравоохранения,adicon-holdings
1163,HK,Adtiger,Потребительские товары выборочного спроса,СМИ и издательское дело,adtiger-corp-ltd
6189,HK,Guangdong Adway,Промышленность,Строительство и проектирование,guangdong-adway-construction
0900,HK,Aeon Credit Service Asia,Финансы,Банковские услуги,aeon-credit-service-asia-co-ltd
0984,HK,AEON Stores Hong Kong,Потребительские товары выборочного спроса,Диверсифицированные розничные товары,aeon-stores-hong-kong-co-ltd?cid=990557
0031,HK,China Aerospace International,Промышленность,"Оборудование, инструменты, автомобили большой грузоподъемности, железнодорожный и водный транспорт",china-aerospace-international?cid=990030
0232,HK,Continental Aerospace Technologies Holding,Промышленность,Аэрокосмическая и оборонная промышленность,avic-international-holding-hk
8341,HK,Aeso Holding,Потребительские товары выборочного спроса,Специализированные розничные торговцы,aeso-holding-ltd
2135,HK,Raily Aesthetic,Здравоохранение,Учреждения и услуги здравоохранения,raily-aesthetic-medicine-intl-hldg
0855,HK,China Water Affairs Group Ltd,Коммунальные услуги,Водоснабжающие и коммунальные компании,china-water-affairs-group-ltd
1466,HK,Affluent Partners,Потребительские товары выборочного спроса,Текстиль и одежда,man-sang-jewellery-holdings-ltd
1757,HK,Affluent Foundation,Промышленность,Строительство и проектирование,affluent-foundation-holdings-ltd
3383,HK,Agile Group,Недвижимость,Операции с недвижимостью,agile-property
0149,HK,China Agri Products,Потребительские товары повседневного спроса,Розничная торговля едой и лекарствами,china-agri-products-exchange
1288,HK,Agricultural Bank Of China,Финансы,Банковские услуги,agricultural-bank-of-china
0542,HK,China Cultural Tourism Agriculture,Недвижимость,Операции с недвижимостью,ceneric-holdings-ltd
0682,HK,Chaoda Modern Agriculture,Потребительские товары повседневного спроса,Еда и табачные изделия,chaoda-modern-agriculture-hldg
2419,HK,DEKON Food and Agriculture,Потребительские товары повседневного спроса,Еда и табачные изделия,dekon-food-and-agriculture
8279,HK,AGTech,Потребительские товары выборочного спроса,Гостиничные и развлекательные услуги,agtech-holding
0391,HK,Mei Ah Entertainment,Потребительские товары выборочного спроса,СМИ и издательское дело,mei-ah-entertainment-group
8290,HK,Ahsay Backup Software Development,Технологии,Программное обеспечение и ИТ-услуги,ahsay-backup-software-development-c
1140,HK,Wealthink AI Innovation Capital,Финансы,Инвестиционно-банковские и инвестиционные услуги,op-financial-investments-ltd
81299,HK,AIA,Финансы,Страхование,aia
1299,HK,Aia Group,Финансы,Страхование,aia-group
0286,HK,Aidigong Maternal Child Health,Здравоохранение,Учреждения и услуги здравоохранения,common-splendor-international-healt
6660,HK,AIM Vaccine,Здравоохранение,Фармацевтические компании,aim-vaccine
2121,HK,Qingdao AInnovation Tech,Технологии,Программное обеспечение и ИТ-услуги,china-first-chemical-holdings-ltd
0753,HK,Air China Ltd,Промышленность,Услуги пассажирских перевозок,air-china
1848,HK,China Aircraft Leasing Group Hold,Финансы,Банковские услуги,china-aircraft-leasing-group-hold
2251,HK,Beijing Airdoc Technology,Здравоохранение,Оборудование и др. поставки для системы здравоохранения,beijing-airdoc-technology
1055,HK,China Southern Airlines,Промышленность,Услуги пассажирских перевозок,china-south-ai
0670,HK,China Eastern Airlines,Промышленность,Услуги пассажирских перевозок,china-east-air
0694,HK,Beijing Capital Int Airport,Промышленность,Транспортная инфраструктура,beijing-airpor
0357,HK,Hainan Meilan International Airport,Промышленность,Транспортная инфраструктура,hna-infrastructure-co-ltd
0293,HK,Cathay Airways,Промышленность,Услуги пассажирских перевозок,cathay-pac-air
0538,HK,Ajisen China Holdings,Потребительские товары выборочного спроса,Гостиничные и развлекательные услуги,ajisen-(china)
1789,HK,AK Medical,Здравоохранение,Оборудование и др. поставки для системы здравоохранения,ak-medical
9926,HK,Akeso,Здравоохранение,Биотехнологии и медицинские исследования,akeso-inc
8360,HK,Al Group,Промышленность,Строительство и проектирование,al-group-ltd
0328,HK,Alco,Технологии,"Компьютеры, телефоны и бытовая электроника",alco-holdings-ltd
0241,HK,Alibaba Health Information Tech,Потребительские товары выборочного спроса,Диверсифицированные розничные товары,alibaba-health-info-tech-ltd
1060,HK,Alibaba Pictures,Потребительские товары выборочного спроса,СМИ и издательское дело,alibaba-pictures-group-ltd
9988,HK,Alibaba,Технологии,Программное обеспечение и ИТ-услуги,alibaba-group-holding-hk
89988,HK,Alibaba Holding,Технологии,Программное обеспечение и ИТ-услуги,alibaba-holding
8170,HK,China All Nation International Holdings,Недвижимость,Операции с недвижимостью,ksl-holdings-ltd
0684,HK,Allan Intl,Потребительские товары выборочного спроса,Хозяйственные товары,allan-international-holdings-ltd
0550,HK,Allegro Culture,Потребительские товары выборочного спроса,СМИ и издательское дело,cinderella-media-group-ltd
1425,HK,Justin Allen,Потребительские товары выборочного спроса,Текстиль и одежда,justin-allen-holdings-ltd
1563,HK,International Alliance,Финансы,Банковские услуги,intl-alliance-financial-leasing
1629,HK,Champion Alliance International Holdings,Коммунальные услуги,Водоснабжающие и коммунальные компании,mengke-holdings-ltd
0385,HK,Chinney Alliance,Промышленность,Строительство и проектирование,chinney-alliance-group-ltd
1001,HK,Hong Kong Shanghai Alliance,Сырье,Металлургия и горнодобывающая промышленность,hong-kong-shanghai-alliance-holding
1039,HK,Changyou Alliance,Технологии,Программное обеспечение и ИТ-услуги,fortunet-e-commerce-group-ltd
0373,HK,Allied,Финансы,Банковские услуги,allied-group-ltd
0711,HK,Asia Allied Infrastructure,Промышленность,Строительство и проектирование,china-city-construction-group-holdi
8320,HK,Allied Sustainability Environmental,Промышленность,Профессиональные и коммерческие услуги,allied-sustainability-environmental
0505,HK,Xingye Alloy Materials,Сырье,Металлургия и горнодобывающая промышленность,huan-yue-interactive-holdings-ltd
0833,HK,Alltronics,Технологии,Электронное оборудование и запчасти,alltronics-holdings-ltd
8305,HK,Allurefem Holding,Промышленность,Строительство и проектирование,tong-kee-holding
9918,HK,Wise Ally Int,Технологии,Электронное оборудование и запчасти,wise-ally-intl-holdings-ltd
8186,HK,Almana,Сырье,Бумага и изделия из древесины,ir-resources
0948,HK,Alpha Professional Holdings,Потребительские товары повседневного спроса,Розничная торговля едой и лекарствами,alpha-professional-holdings-ltd
9966,HK,Alphamab,Здравоохранение,Биотехнологии и медицинские исследования,alphamab-oncology
8149,HK,Altus Holdings,Недвижимость,Операции с недвижимостью,altus-holdings-ltd
0098,HK,Xingfa Aluminium,Сырье,Металлургия и горнодобывающая промышленность,xingfa-aluminium-holdings-ltd
6898,HK,China Aluminum Cans,Сырье,Контейнерные перевозки и упаковка,china-aluminum-cans-holdings-ltd
2600,HK,Aluminum Corp of China,Сырье,Металлургия и горнодобывающая промышленность,aluminium-corp-of-china
2068,HK,China Aluminum Intl Engineering,Промышленность,Строительство и проектирование,china-aluminum-international-engine?cid=990849
1849,HK,AM Group Holdings,Потребительские товары выборочного спроса,СМИ и издательское дело,am-group-holdings-ltd
8412,HK,New Amante,Потребительские товары выборочного спроса,Гостиничные и развлекательные услуги,bci-group-holdings-ltd
0630,HK,AMCO United,Здравоохранение,Оборудование и др. поставки для системы здравоохранения,amco-united-holding-ltd
4332,HK,Amgen,Здравоохранение,Фармацевтические компании,amgen-inc?cid=30149
0077,HK,AMS Public Transport,Промышленность,Услуги пассажирских перевозок,ams-public-transport-holdings-ltd
8545,HK,Amuse,Потребительские товары выборочного спроса,Товары для досуга,amuse-group-holdings
0383,HK,Tian An Medicare,Здравоохранение,Учреждения и услуги здравоохранения,china-medical---healthcare-group-lt?cid=990254
1833,HK,Ping An Healthcare Tech,Здравоохранение,Учреждения и услуги здравоохранения,ping-an-healthcare-and-tech-company
0028,HK,Tian An China Investments,Недвижимость,Операции с недвижимостью,tian-an-china-investments-co-ltd
2271,HK,Zhong An Intelligent Living Service,Недвижимость,Операции с недвижимостью,zhong-an-intelligent-living-service
82318,HK,Ping An Insurance Co of,Финансы,Страхование,ping-an-insurance-co-of
2318,HK,Ping An,Финансы,Страхование,ping-an
8227,HK,Xi An Haitian Antenna,Технологии,Связь и сети,xi-an-haitian-antenna-holdings-co-l
0672,HK,Zhong An Real Estate,Недвижимость,Операции с недвижимостью,zhong-an-real-estate-ltd
8353,HK,Anacle Systems,Технологии,Программное обеспечение и ИТ-услуги,anacle-systems-ltd
1977,HK,Analogue Holdings,Промышленность,Строительство и проектирование,analogue-holdings-ltd
1592,HK,Anchorstone,Сырье,Строительные материалы,anchorstone-holdings
6911,HK,Puer Lancang Ancient Tea,,,puer-lancang-ancient-tea
1289,HK,Wuxi Sunlit Science and Tech,Промышленность,"Оборудование, инструменты, автомобили большой грузоподъемности, железнодорожный и водный транспорт",wuxi-sunlit-science-and-technology
8247,HK,Biosino Bio-Tech and Science,Здравоохранение,Оборудование и др. поставки для системы здравоохранения,biosino-bio-technology-and-science
0422,HK,Vietnam Manufacturing and Export,Потребительские товары выборочного спроса,Автомобили и запчасти к ним,vietnam-manufacturing-and-export-pr
1226,HK,China Investment and Finance,Финансы,Инвестиционно-банковские и инвестиционные услуги,china-investment-and-finance-group
0045,HK,Hongkong and Shanghai Hotels,Потребительские товары выборочного спроса,Гостиничные и развлекательные услуги,hongkong-and-shanghai-hotels-ltd
0603,HK,China Oil and Gas,Коммунальные услуги,Газоснабжение,china-oil---ga
0046,HK,Computer and Technologies,Технологии,Программное обеспечение и ИТ-услуги,computer-and-technologies-holdings?cid=990042
1803,HK,Beijing Sports and Entertainment,Промышленность,Строительство и проектирование,beijing-sports-and-entertainment-in
1938,HK,Chu Kong Petroleum and Natural Gas,Сырье,Металлургия и горнодобывающая промышленность,chu-kong-petroleum-and-natural-gas
6869,HK,Yangtze Optical Fibre and Cable,Технологии,Связь и сети,yangtze-optical-fibre-and-cable-joi
1960,HK,TBK and Sons,Энергетика,Газ и нефть,tbk-and-sons-holdings-ltd
0071,HK,Miramar Hotel and Investment,Недвижимость,Операции с недвижимостью,miramar-hotel-and-investment-co-ltd
3318,HK,China Flavors and Fragrances,Потребительские товары повседневного спроса,Товары и услуги личного пользования и хозяйственного назначения,china-flavors-and-fragrances-co-ltd
3928,HK,S and T Holdings,Промышленность,Строительство и проектирование,s-and-t-holdings-limited
0037,HK,Far East Hotels and Entertainment,Потребительские товары выборочного спроса,Гостиничные и развлекательные услуги,far-east-hotels-and-entertainment-l
1183,HK,MECOM Power and Construction,Промышленность,Строительство и проектирование,mecom-power-and-construction
1277,HK,Kinetic Mines and Energy,Энергетика,Угледобывающая промышленность,kinetic-mines-and-energy-ltd
1408,HK,Macau E And M,Промышленность,Строительство и проектирование,macau-e-and-m-holding-ltd
0679,HK,Asia Tele-Net and Technology,Технологии,Полупроводники и полупроводниковое оборудование,asia-tele-net-and-technology-corp-l?cid=990415
1237,HK,China Environmental Tech and Bioenergy,Сырье,Бумага и изделия из древесины,china-environmental-technology-and
6686,HK,Noah Holdings Private Wealth and,Финансы,Инвестиционно-банковские и инвестиционные услуги,noah-holdings-private-wealth-and
2218,HK,Yantai North Andre Juice,Потребительские товары повседневного спроса,Напитки,yantai-north-andre-juice-co-ltd?cid=990868
9956,HK,ANE,Промышленность,Транспортные и логистические услуги,ane
0347,HK,Angang Steel,Сырье,Металлургия и горнодобывающая промышленность,angang-steel
6699,HK,Angelalign Technology,Здравоохранение,Оборудование и др. поставки для системы здравоохранения,angelalign-technology
0914,HK,Anhui Conch Cement,Сырье,Строительные материалы,anhui-conch-cement
0995,HK,Anhui Expressway Co,Промышленность,Транспортная инфраструктура,anhui-expressway-co?cid=990563
6688,HK,Ant Group,Технологии,Финансовые технологии (финтех) и инфраструктура,ant-group-co-ltd
2020,HK,ANTA Sports Products,Потребительские товары выборочного спроса,Текстиль и одежда,anta-sports
82020,HK,ANTA Sports Products,Потребительские товары выборочного спроса,Текстиль и одежда,anta-sports-products
6996,HK,Antengene,Здравоохранение,Биотехнологии и медицинские исследования,antengene-corp-ltd
1738,HK,Feishang Anthracite Resources,Энергетика,Угледобывающая промышленность,feishang-anthracite-resources-ltd
3337,HK,Anton Oilfield Services,Энергетика,"Оборудование и услуги, связанные с нефтью и газом",anton-oilfield
0922,HK,Anxian Yuan China,Потребительские товары повседневного спроса,Товары и услуги личного пользования и хозяйственного назначения,anxian-yuan-china-holdings-ltd
1538,HK,Zhong Ao Home,Недвижимость,Операции с недвижимостью,zhong-ao-home-group-ltd
1370,HK,Aowei Holding,Сырье,Металлургия и горнодобывающая промышленность,aowei-holding
3883,HK,China Aoyuan Property,Недвижимость,Операции с недвижимостью,china-aoyuan-property-group-ltd
1496,HK,AP Rentals,Промышленность,Профессиональные и коммерческие услуги,ap-rentals-holdings-ltd
1104,HK,APAC Resources,Сырье,Металлургия и горнодобывающая промышленность,apac-resources-ltd?cid=1036815
1292,HK,Changan Minsheng APLL Logistics,Промышленность,Транспортные и логистические услуги,changan-minsheng-apll-logistics-co
1841,HK,Aplus,Промышленность,Профессиональные и коммерческие услуги,aplus-group-holdings-ltd
4336,HK,Applied Materials,Технологии,Полупроводники и полупроводниковое оборудование,applied-matls-inc?cid=990972
0519,HK,Applied Development,Недвижимость,Операции с недвижимостью,applied-development-holdings-ltd
2359,HK,WuXi AppTec H,Здравоохранение,Биотехнологии и медицинские исследования,wuxi-apptec-co
1045,HK,APT Satellite,Технологии,Телекоммуникационные услуги,apt-satellite
9990,HK,Archosaur Games,Технологии,Программное обеспечение и ИТ-услуги,archosaur-games-inc
1396,HK,Guangdong Hong Kong Greater Bay Area Holdings,Недвижимость,Операции с недвижимостью,hydoo-intl
1189,HK,Greater Bay Area Dynamic Growth Holding,Потребительские товары выборочного спроса,Гостиничные и развлекательные услуги,rosedale-hotel-holdings-ltd
0737,HK,Shenzhen Investment Holdings Bay Area Dev,Промышленность,Транспортная инфраструктура,hopewell-infr
80737,HK,Shenzhen Investment Holdings Bay Area Dev CNY,Промышленность,Транспортная инфраструктура,hopewell-highway-infrastructure-ltd
0645,HK,Ares Asia,Энергетика,Угледобывающая промышленность,ares-asia-ltd
6639,HK,Arrail,Здравоохранение,Учреждения и услуги здравоохранения,arrail
0854,HK,Willas Array Electronics Holdings,Технологии,Электронное оборудование и запчасти,willas-array-electronics-holdings?cid=990495
1572,HK,China Art Financial,Финансы,Банковские услуги,china-art-financial-holdings-ltd
6808,HK,Sun Art Retail,Потребительские товары повседневного спроса,Розничная торговля едой и лекарствами,sunart-retail
0565,HK,Art Group Holdings,Недвижимость,Операции с недвижимостью,art-textile-technology-internationa
0279,HK,ARTA TechFin,Финансы,Инвестиционно-банковские и инвестиционные услуги,freeman-fintech
3313,HK,Artgo Holdings Ltd,Сырье,Строительные материалы,artgo-holdings-ltd
0789,HK,Artini Holdings,Технологии,Программное обеспечение и ИТ-услуги,artini-china-co-ltd
1120,HK,Arts Optical Intl,Здравоохранение,Оборудование и др. поставки для системы здравоохранения,arts-optical-international-holdings
0102,HK,Summit Ascent,Потребительские товары выборочного спроса,Гостиничные и развлекательные услуги,summit-ascent
6855,HK,Ascentage Pharma,Здравоохранение,Биотехнологии и медицинские исследования,ascentage-pharma-grp-international
1672,HK,Ascletis Pharma,Здравоохранение,Фармацевтические компании,ascletis-pharma-inc
0468,HK,Greatview Aseptic Packaging,Сырье,Контейнерные перевозки и упаковка,gapack
0023,HK,Bank of E Asia,Финансы,Банковские услуги,bank-of-e-asia
1561,HK,Pan Asia Data Holdings,Сырье,Химическая промышленность,manfield-chemical-holdings-ltd
0707,HK,Asia Television Holdings,Потребительские товары выборочного спроса,Текстиль и одежда,co-prosperity-holdings-ltd
1049,HK,Celestial Asia Securities,Потребительские товары выборочного спроса,Специализированные розничные торговцы,celestial-asia-securities-holdings?cid=990584
8620,HK,Asia Express Logistics,Промышленность,Транспортная инфраструктура,asia-express-logistics-holdings-ltd
8210,HK,DLC Asia,Финансы,Инвестиционно-банковские и инвестиционные услуги,dlc-asia
3366,HK,Overseas Chinese Town Asia,Недвижимость,Операции с недвижимостью,overseas-chinese-town-asia-holdings
3999,HK,DaChan Food Asia,Потребительские товары повседневного спроса,Еда и табачные изделия,dachan-food-asia-ltd
0662,HK,Asia Financial,Финансы,Страхование,asia-financial-holdings-ltd
0841,HK,Asia Cassava Resources,Потребительские товары повседневного спроса,Розничная торговля едой и лекарствами,asia-cassava-resources-holdings-ltd
8080,HK,North Asia Strategic,Технологии,Полупроводники и полупроводниковое оборудование,north-asia-strategic
0292,HK,Asia Standard Hotel,Финансы,Инвестиционно-банковские и инвестиционные услуги,asia-standard-hotel
0583,HK,Great Wall Pan Asia,Недвижимость,Операции с недвижимостью,great-wall-pan-asia
8400,HK,Asia Pioneer,Потребительские товары выборочного спроса,Гостиничные и развлекательные услуги,dx.com-holdings-ltd
0069,HK,Shangri-La Asia,Потребительские товары выборочного спроса,Гостиничные и развлекательные услуги,shangri-la-asi
0743,HK,Asia Cement China,Сырье,Строительные материалы,asia-cement-ch
0129,HK,Asia Standard Intl,Финансы,Инвестиционно-банковские и инвестиционные услуги,asia-standard-international-group-l
0252,HK,Southeast Asia Properties & Finance,Сырье,Контейнерные перевозки и упаковка,southeast-asia-properties-finance
0351,HK,Asia Energy Logistics,Промышленность,Транспортные и логистические услуги,asia-energy-logistics-group-ltd?cid=990229
1723,HK,HK Asia,Технологии,Телекоммуникационные услуги,hk-asia
0104,HK,Asia Commercial,Потребительские товары выборочного спроса,Специализированные розничные торговцы,asia-commercial
0214,HK,Asia Orient,Финансы,Инвестиционно-банковские и инвестиционные услуги,asia-orient-holdings-ltd
0274,HK,Renaissance Asia Silk Road,Сырье,Металлургия и горнодобывающая промышленность,china-billion-resources-ltd
0556,HK,Pan Asia Environmental Protection,Промышленность,Профессиональные и коммерческие услуги,pania-environmental-protection
1235,HK,Travel Expert Asia Enterprises,Потребительские товары выборочного спроса,Гостиничные и развлекательные услуги,travel-expert-asia-enterprises-ltd
6083,HK,World-Link Logistics Asia,Промышленность,Транспортные и логистические услуги,world-link-logistics-asia-holding-l
8526,HK,Wing Fung Group Asia,Промышленность,"Оборудование, инструменты, автомобили большой грузоподъемности, железнодорожный и водный транспорт",wing-fung-group-asia
8413,HK,Asia Grocery,Потребительские товары повседневного спроса,Розничная торговля едой и лекарствами,asia-grocery-distribution-ltd
8193,HK,Asia Pac Financial,Промышленность,Профессиональные и коммерческие услуги,greaterchina-prof
8191,HK,Hong Wei Asia,Сырье,Бумага и изделия из древесины,hong-wei-asia-holdings-co-ltd
0831,HK,Convenience Retail Asia,Потребительские товары повседневного спроса,Еда и табачные изделия,convenience-retail-asia-ltd
1675,HK,AsiaInfo Technologies,Технологии,Программное обеспечение и ИТ-услуги,asiainfo-technologies
0073,HK,Asian Citrus,Потребительские товары повседневного спроса,Еда и табачные изделия,asian-citrus
1993,HK,Asiaray Media,Потребительские товары выборочного спроса,СМИ и издательское дело,asiaray-media-group-ltd
0271,HK,Asiasec Properties,Недвижимость,Операции с недвижимостью,dan-form-holdings-co-ltd
0522,HK,ASM Pacific Technology,Технологии,Полупроводники и полупроводниковое оборудование,asm-pacific
1113,HK,CK Asset,Недвижимость,Операции с недвижимостью,cheung-kong-property-holdings-ltd
0913,HK,Harbour Digital Asset Capital,Финансы,Инвестиционно-банковские и инвестиционные услуги,unity-investments-holdings-ltd
1359,HK,China Cinda Asset Management,Финансы,Инвестиционно-банковские и инвестиционные услуги,china-cinda
2799,HK,China Huarong Asset Management,Финансы,Инвестиционно-банковские и инвестиционные услуги,china-huarong-asset-management
0006,HK,Power Assets,Коммунальные услуги,Энергетические компании и независимые производители электроэнергии,power-assets
0105,HK,Associated Intl Hotels,Недвижимость,Операции с недвижимостью,associated-international-hotels-ltd
8333,HK,Astrum Financial,Финансы,Инвестиционно-банковские и инвестиционные услуги,astrum-financial-holdings-ltd
6821,HK,Asymchem Laboratories Tianjin,Здравоохранение,Фармацевтические компании,asymchem-laboratories-tianjin
8043,HK,Atlinks Group,Технологии,Связь и сети,atlinks-group
1939,HK,Tokyo Chuo Auction,Потребительские товары выборочного спроса,Специализированные розничные торговцы,tokyo-chuo-auction
1717,HK,Ausnutria Dairy Corp,Потребительские товары повседневного спроса,Еда и табачные изделия,ausnutria-dairy-corp?cid=990807
6118,HK,Austar Lifesciences,Здравоохранение,Оборудование и др. поставки для системы здравоохранения,austar-lifesciences-ltd
2425,HK,Austasia Investment Holdings Pte,Потребительские товары повседневного спроса,Еда и табачные изделия,austasia-investment-holdings-pte
3668,HK,Yancoal Australia,Энергетика,Угледобывающая промышленность,yancoal-australia-ltd?cid=1112809
2031,HK,AUSupreme Intl,Потребительские товары выборочного спроса,Специализированные розничные торговцы,ausupreme-international-holdings
2015,HK,Li Auto,Потребительские товары выборочного спроса,Автомобили и запчасти к ним,li-auto
1728,HK,China ZhengTong Auto Services,Потребительские товары выборочного спроса,Специализированные розничные торговцы,zhengtongauto
3836,HK,China Harmony New Energy Auto,Потребительские товары выборочного спроса,Специализированные розничные торговцы,harmony-auto
1293,HK,Grand Baoxin Auto,Потребительские товары выборочного спроса,Специализированные розничные торговцы,baoxin-auto
0360,HK,New Focus Auto Tech,Потребительские товары выборочного спроса,Автомобили и запчасти к ним,new-focus-auto-tech-holdings-ltd
1268,HK,China MeiDong Auto,Потребительские товары выборочного спроса,Специализированные розничные торговцы,china-meidong-auto-holdings-ltd?cid=990696
0720,HK,Auto Italia,Недвижимость,Операции с недвижимостью,auto-italia-holdings-ltd-be?cid=990438
2518,HK,Autohome,Потребительские товары выборочного спроса,СМИ и издательское дело,autohome
0771,HK,Automated Systems Holdings Ltd,Технологии,"Компьютеры, телефоны и бытовая электроника",automated-systems-holdings-ltd
0591,HK,China High Precision Automation,Промышленность,"Оборудование, инструменты, автомобили большой грузоподъемности, железнодорожный и водный транспорт",china-high-precision-automation
0175,HK,Geely Automobile,Потребительские товары выборочного спроса,Автомобили и запчасти к ним,geely-auto
2238,HK,Guangzhou Automobile Group,Потребительские товары выборочного спроса,Автомобили и запчасти к ним,gac-group
8418,HK,Optima Automobile,Потребительские товары повседневного спроса,Товары и услуги личного пользования и хозяйственного назначения,optima-automobile-group-holding-ltd
80175,HK,Geely Automobile Holdings,Потребительские товары выборочного спроса,Автомобили и запчасти к ним,geely-automobile-holdings
8328,HK,Xinyi Automobile Glass,Промышленность,Строительство и проектирование,xinyi-automobile-glass-hong-kong-en
3669,HK,China Yongda Automobiles Services,Потребительские товары выборочного спроса,Специализированные розничные торговцы,china-yongda-automobiles-services-h?cid=990947
0048,HK,China Automotive Interior Decoration,Потребительские товары выборочного спроса,Автомобили и запчасти к ним,china-automotive-interior-decoratio
6162,HK,China Tianrui Automotive Interiors,Потребительские товары выборочного спроса,Автомобили и запчасти к ним,china-tianrui-automotive-interiors
1274,HK,iMotion Automotive Technology,Потребительские товары выборочного спроса,Автомобили и запчасти к ним,imotion-automotive-technology
1114,HK,Brilliance China Automotive,Потребительские товары выборочного спроса,Автомобили и запчасти к ним,brilliance-chi
1930,HK,Shinelong Automotive,Потребительские товары выборочного спроса,Автомобили и запчасти к ним,shinelong-auto-lightweight-app-ltd
1316,HK,Nexteer Automotive Group Ltd,Потребительские товары выборочного спроса,Автомобили и запчасти к ним,nexteer-automotive-group-ltd
2443,HK,Autostreets Development,,,autostreets-development
2080,HK,AUX International Hldg,Недвижимость,Операции с недвижимостью,aux-international-hldg?cid=990850
8419,HK,AV Promotions,Потребительские товары выборочного спроса,СМИ и издательское дело,av-promotions
0595,HK,AV Concept,Технологии,Полупроводники и полупроводниковое оборудование,av-concept-holdings-ltd
2588,HK,Boc Aviation,Финансы,Банковские услуги,boc-aviation-ltd
0260,HK,Avic Joy HK,Финансы,Банковские услуги,avic-joy-holdings-hk-ltd
2357,HK,AviChina,Промышленность,Аэрокосмическая и оборонная промышленность,avichina
1705,HK,B & S Intl,Потребительские товары повседневного спроса,Розничная торговля едой и лекарствами,bs-international-holdings-ltd
2108,HK,K2 F&B HOLDINGS,Потребительские товары повседневного спроса,Розничная торговля едой и лекарствами,k2-f-b-holdings
0020,HK,SenseTime Group Inc B,Технологии,Программное обеспечение и ИТ-услуги,sensetime-group-inc
1761,HK,Babytree Group,Потребительские товары выборочного спроса,СМИ и издательское дело,babytree-group
1397,HK,Baguio Green,Промышленность,Профессиональные и коммерческие услуги,baguio-green-group-ltd
8431,HK,Hao Bai International Cayman,Промышленность,Строительство и проектирование,hao-bai-international-cayman
1958,HK,BAIC Motor Corp Ltd,Потребительские товары выборочного спроса,Автомобили и запчасти к ним,baic-motor-corp-ltd
2555,HK,Sichuan Baicha Baidao Industrial,,,sichuan-baicha-baidao-industrial
89888,HK,Baidu,Технологии,Программное обеспечение и ИТ-услуги,baidu?cid=1203972
9888,HK,Baidu,Технологии,Программное обеспечение и ИТ-услуги,baidu
2100,HK,BAIOO Family Interactive,Технологии,Программное обеспечение и ИТ-услуги,baioo-family-interactive-ltd
6608,HK,Bairong,Технологии,Программное обеспечение и ИТ-услуги,bairong
8525,HK,Baiying Holdings Group Ltd,Финансы,Банковские услуги,byleasing
0874,HK,Guangzhou Baiyunshan Pharma,Здравоохранение,Фармацевтические компании,guangzhou-baiyunshan-pharma
2293,HK,Bamboos Health Care,Промышленность,Профессиональные и коммерческие услуги,bamboos-health-care-holdings-ltd
0011,HK,Hang Seng Bank,Финансы,Банковские услуги,hang-seng-bank
2066,HK,Shengjing Bank,Финансы,Банковские услуги,shengjing-bank-co-ltd
1658,HK,Postal Savings Bank,Финансы,Банковские услуги,postal-savings-bank-of-china-co-ltd
1062,HK,China Development Bank Intl,Финансы,Инвестиционно-банковские и инвестиционные услуги,china-development-bank-internationa
1606,HK,China Development Bank,Финансы,Банковские услуги,china-development-bank-financial-le
2139,HK,Bank of Gansu,Финансы,Банковские услуги,bank-of-gansu
3618,HK,Chongqing Ruralmmercial Bank,Финансы,Банковские услуги,cqrc-bank
6138,HK,Harbin Bank Co,Финансы,Банковские услуги,harbin-bank
4619,HK,Bank of China,Финансы,Банковские услуги,bank-of-china-prf
9889,HK,Dongguan Rural Commercial Bank,Финансы,Банковские услуги,dongguan-rural-commercial-bank
6122,HK,Jilin Jiutai Rural Bank,Финансы,Банковские услуги,jilin-jiutai-rural-commercial-bank
1216,HK,Zhongyuan Bank,Финансы,Банковские услуги,zhongyuan-bank
6199,HK,Bank Of Guizhou,Финансы,Банковские услуги,bank-of-guizhou-co-ltd
1398,HK,Industrial Commercial Bank of China ltd,Финансы,Банковские услуги,icbc
6190,HK,Bank of Jiujiang,Финансы,Банковские услуги,bank-of-jiujiang
1983,HK,Luzhou City Bank,Финансы,Банковские услуги,luzhou-city-commercial-bank
0998,HK,China Citic Bank,Финансы,Банковские услуги,citic-bank
1963,HK,Bank of Chongqing,Финансы,Банковские услуги,bcq
2016,HK,China Zheshang Bank,Финансы,Банковские услуги,china-zheshang-bank-co-ltd
3988,HK,Bank of China H,Финансы,Банковские услуги,bank-of-china-ss
3866,HK,Bank of Qingdao Co,Финансы,Банковские услуги,bank-of-qingdao-co-ltd
6196,HK,Bank of Zhengzhou Co,Финансы,Банковские услуги,bank-of-zhengzhou-co-ltd
3968,HK,China Merchants Bank H,Финансы,Банковские услуги,china-merchants-bank
3698,HK,Huishang Bank Corp,Финансы,Банковские услуги,huishang-bank
6818,HK,China Everbright Bank,Финансы,Банковские услуги,ceb-bank
0939,HK,China Construction Bank,Финансы,Банковские услуги,ccb
3328,HK,Bank of Communications,Финансы,Банковские услуги,bankcomm
1578,HK,Bank of Tianjin,Финансы,Банковские услуги,bank-of-tianjin-co-ltd
2558,HK,Jinshang Bank Co,Финансы,Банковские услуги,jinshang-bank-co-ltd
1916,HK,Jiangxi Bank,Финансы,Банковские услуги,jiangxi-bank-co
80011,HK,Hang Seng Bank,Финансы,Банковские услуги,hang-seng-bank?cid=1203967
2356,HK,Dah Sing Banking,Финансы,Банковские услуги,dahsing-bankin
1988,HK,China Minsheng Banking,Финансы,Банковские услуги,china-minsheng-banking
0164,HK,China Baoli Tech,Потребительские товары выборочного спроса,СМИ и издательское дело,china-baoli-tech
2355,HK,Baoye Group Co,Промышленность,Строительство и проектирование,baoye-group-co?cid=990899
9991,HK,Baozun,Технологии,Программное обеспечение и ИТ-услуги,baozun-inc-hk
8432,HK,Bar Pacific Hold,Потребительские товары выборочного спроса,Гостиничные и развлекательные услуги,bar-pacific-group-holdings-ltd
2170,HK,Suzhou Basecare Medical Co,Здравоохранение,Учреждения и услуги здравоохранения,suzhou-basecare-medical-co
8460,HK,Basetrophy,Промышленность,Строительство и проектирование,basetrophy
2343,HK,Pacific Basin Shipping,Промышленность,Транспортные и логистические услуги,pacific-basin
2149,HK,BaTeLab,Технологии,Полупроводники и полупроводниковое оборудование,batelab
0666,HK,REPT BATTERO Energy,Промышленность,"Оборудование, инструменты, автомобили большой грузоподъемности, железнодорожный и водный транспорт",rept-battero-energy
0483,HK,Bauhaus Intl,Потребительские товары выборочного спроса,Специализированные розничные торговцы,bauhaus-international-holdings-ltd
1338,HK,BaWang Int,Потребительские товары повседневного спроса,Товары и услуги личного пользования и хозяйственного назначения,bawang-group
1523,HK,Plover Bay Tech,Технологии,Связь и сети,plover-bay-technologies-ltd
2009,HK,BBMG Corp,Сырье,Строительные материалы,bbmg
1450,HK,Be Friends Holding,Технологии,Программное обеспечение и ИТ-услуги,century-sage-scientific-holdings-lt
2373,HK,Beauty Farm Medical Health,Потребительские товары повседневного спроса,Товары и услуги личного пользования и хозяйственного назначения,beauty-farm-medical-health
0157,HK,Natural Beauty Bio-Tech,Потребительские товары повседневного спроса,Товары и услуги личного пользования и хозяйственного назначения,natural-beauty-bio-technology-ltd
0919,HK,Modern Beauty Salon Holdings,Потребительские товары повседневного спроса,Товары и услуги личного пользования и хозяйственного назначения,modern-beauty-salon-holdings?cid=990528
0291,HK,China Resources Beer Holdings,Потребительские товары повседневного спроса,Напитки,china-resources
80291,HK,China Resources Beer Holdings,Потребительские товары повседневного спроса,Напитки,china-resources-beer-holdings
8095,HK,Beijing Beida Jade Bird Universal,Сырье,Металлургия и горнодобывающая промышленность,beijing-beida-jade-bird-universal
0039,HK,China Beidahuang Industry,Потребительские товары повседневного спроса,Розничная торговля едой и лекарствами,china-beidahuang-industry-group-hol
6160,HK,Beigene,Здравоохранение,Биотехнологии и медицинские исследования,beigene-ltd
0371,HK,Beijing Enterprises Water,Коммунальные услуги,Водоснабжающие и коммунальные компании,bj-ent-water
0579,HK,Beijing Jingneng Clean Energy,Коммунальные услуги,Энергетические компании и независимые производители электроэнергии,jncec
0686,HK,Beijing Energy International Holding,Коммунальные услуги,Энергетические компании и независимые производители электроэнергии,united-photovoltaics-group-ltd
1329,HK,Beijing Capital Juda,Недвижимость,Операции с недвижимостью,beijing-capital-juda-ltd
1599,HK,Beijing Urban Construction Design,Промышленность,Строительство и проектирование,beijing-urban-construction-design
0588,HK,Beijing North Star,Недвижимость,Операции с недвижимостью,beijing-north-star-co-ltd?cid=990356
2480,HK,Beijing Luzhu Biotechnology,Здравоохранение,Фармацевтические компании,beijing-luzhu-biotechnology
3718,HK,Beijing Enterprises,Промышленность,Профессиональные и коммерческие услуги,beijing-enterprises-urban-resources
3759,HK,Pharmaron Beijing Co Ltd,Здравоохранение,Биотехнологии и медицинские исследования,pharmaron-beijing-co-ltd
0154,HK,Beijing Enterprises Environment,Энергетика,Возобновляемая энергия,beijing-enterprises-environment-gro
2402,HK,Beijing SinoHytec,,,beijing-sinohytec-co
3613,HK,Beijing Tong Ren Tang,Здравоохранение,Фармацевтические компании,tongrentangcm
0814,HK,Beijing Jingkelong Co,Промышленность,Диверсифицированные промышленные оптовые товары,beijing-jingkelong-co?cid=990473
1000,HK,Beijing Media Corp,Потребительские товары выборочного спроса,СМИ и издательское дело,beijing-media-corp?cid=990565
2210,HK,Beijing Capital Jiaye Property Services,Недвижимость,Операции с недвижимостью,capital-jiaye-property-services
2315,HK,Biocytogen Pharmaceuticals Beijing,Здравоохранение,Биотехнологии и медицинские исследования,biocytogen-pharmaceuticals-beijing
0392,HK,Beijing Enterprises Holdings,Коммунальные услуги,Газоснабжение,beijing-ent
2389,HK,Beijing Enterprises Medical Health,Здравоохранение,Учреждения и услуги здравоохранения,beijing-enterprises-medical-health
0925,HK,Beijing Properties,Потребительские товары повседневного спроса,Розничная торговля едой и лекарствами,beijing-properties-holding-ltd
1858,HK,Beijing Chunlizhengda Medical Instruments,Здравоохранение,Оборудование и др. поставки для системы здравоохранения,beijing-chunlizhengda-medical-instr
6828,HK,Beijing Gas Blue Sky,Коммунальные услуги,Газоснабжение,blue-sky-power-holdings-ltd-be
0187,HK,Beijing Jingcheng Machinery Electric,Промышленность,"Оборудование, инструменты, автомобили большой грузоподъемности, железнодорожный и водный транспорт",beijing-jingcheng-machinery-electri
6188,HK,Beijing Digital Telecom,Потребительские товары выборочного спроса,Специализированные розничные торговцы,beijing-digital-telecom-co-ltd?cid=990986
6682,HK,Beijing Fourth Paradigm Technology,Технологии,Программное обеспечение и ИТ-услуги,beijing-fourth-paradigm-technology
2429,HK,Beijing UBOX Online Tech,Потребительские товары повседневного спроса,Розничная торговля едой и лекарствами,beijing-ubox-online-tech
2339,HK,Beijingwest Industries,Потребительские товары выборочного спроса,Автомобили и запчасти к ним,beijingwest-industries-internationa
9669,HK,Beisen Holding,Технологии,Программное обеспечение и ИТ-услуги,beisen-holding
0524,HK,Great Wall Belt,Технологии,Телекоммуникационные услуги,e-kong-group-ltd
1987,HK,Beng Soon Machinery,Промышленность,Строительство и проектирование,beng-soon-machinery-holdings-ltd
0255,HK,Lung Kee Bermuda,Промышленность,"Оборудование, инструменты, автомобили большой грузоподъемности, железнодорожный и водный транспорт",lung-kee-bermuda-holdings-ltd
0370,HK,China Best,Технологии,"Компьютеры, телефоны и бытовая электроника",china-best
1488,HK,Best Food Hold,Потребительские товары выборочного спроса,Гостиничные и развлекательные услуги,lee-man-handbags-holding-ltd
9882,HK,Best Linking,Промышленность,"Оборудование, инструменты, автомобили большой грузоподъемности, железнодорожный и водный транспорт",best-linking-group-holdings-ltd
2111,HK,Best Pacific Intl,Потребительские товары выборочного спроса,Текстиль и одежда,best-pacific-international-hold
3978,HK,China Beststudy Education,Образовательные услуги,Неклассифицированные поставщики образовательных услуг,china-beststudy-education-group
0926,HK,Besunyen,Потребительские товары повседневного спроса,Еда и табачные изделия,besunyen-holdings-co-ltd
6909,HK,BetterLife Holding,Потребительские товары выборочного спроса,Специализированные розничные торговцы,betterlife-holding
1775,HK,Bexcellent,Образовательные услуги,Неклассифицированные поставщики образовательных услуг,bexcellent-group-holdings
1693,HK,BGMC,Промышленность,Строительство и проектирование,bgmc-intl
1552,HK,BHCC Holding,Промышленность,Строительство и проектирование,bhcc-holding
1522,HK,BII Railway,Технологии,Программное обеспечение и ИТ-услуги,china-city-railway-transportation-t
9626,HK,Bilibili,Технологии,Программное обеспечение и ИТ-услуги,bilibili
2299,HK,Billion Industrial Holdings,Потребительские товары выборочного спроса,Текстиль и одежда,billion-ind
8220,HK,Bingo,Потребительские товары выборочного спроса,Гостиничные и развлекательные услуги,bingo-group
8348,HK,Tianjin Binhai Teda Logistics,Промышленность,Транспортные и логистические услуги,tianjin-binhai-teda-logistics-group
2886,HK,Binhai Investment Co,Коммунальные услуги,Газоснабжение,binhai-investment-co?cid=990922
3316,HK,Binjiang Service Group,Недвижимость,Операции с недвижимостью,binjiang-service-group-co
1349,HK,Shanghai Fudan-Zhangjiang Bio-Pharma,Здравоохранение,Фармацевтические компании,shanghai-fudan-zhangjiang-bio-pharm
1061,HK,Essex Bio-Tech,Здравоохранение,Фармацевтические компании,essex-bio-technology-ltd
2185,HK,Shanghai Bio heart Biological Technology,Здравоохранение,Оборудование и др. поставки для системы здравоохранения,bio-heart-biological-tech
0809,HK,Global Bio-chem Tech,Потребительские товары повседневного спроса,Еда и табачные изделия,global-bio-che
0690,HK,Uni-Bio Science,Здравоохранение,Фармацевтические компании,uni-bio-science-group-ltd
8329,HK,Shenzhen Neptunus Interlong Bio tech,Здравоохранение,Фармацевтические компании,shenzhen-neptunus-interlong-bio-tec
0954,HK,Changmao Biochemical Engineering,Сырье,Химическая промышленность,changmao-biochemical-engineering-co
2367,HK,Giant Biogene Holding,Потребительские товары повседневного спроса,Товары и услуги личного пользования и хозяйственного назначения,giant-biogene-holding
6826,HK,Shanghai Haohai Biological Tech,Здравоохранение,Оборудование и др. поставки для системы здравоохранения,shanghai-haohai-biological-technolo?cid=990992
2269,HK,WuXi Biologics,Здравоохранение,Биотехнологии и медицинские исследования,wuxi-biologics
1801,HK,Innovent Biologics,Здравоохранение,Фармацевтические компании,innovent-biologics-inc
6185,HK,Cansino Biologics,Здравоохранение,Фармацевтические компании,cansino-biologics-inc
2898,HK,Sunho Biologics,Потребительские товары повседневного спроса,Розничная торговля едой и лекарствами,longrun-tea-group-co-ltd
8622,HK,Huakang Biomedical,Здравоохранение,Оборудование и др. поставки для системы здравоохранения,huakang-biomedical-holdings-company
8189,HK,Tianjin TEDA Biomedical Engineering,Сырье,Химическая промышленность,tianjin-teda-biomedical-engineering
1875,HK,Tot Biopharm Intl,Здравоохранение,Биотехнологии и медицинские исследования,tot-biopharm-international-co-ltd
6998,HK,Genor Biopharma Holdings,Здравоохранение,Биотехнологии и медицинские исследования,jhbp-cy-holdings-ltd
2496,HK,Wuhan YZY Biopharma,Здравоохранение,Биотехнологии и медицинские исследования,wuhan-yzy-biopharma
2157,HK,Lepu Biopharma,Здравоохранение,Биотехнологии и медицинские исследования,lepu-biopharma
1177,HK,Sino Biopharmaceutical,Здравоохранение,Фармацевтические компании,sino-biopharm
2197,HK,Clover Biopharmaceuticals,Здравоохранение,Биотехнологии и медицинские исследования,clover-biopharmaceuticals
1541,HK,ImmuneOnco Biopharmaceuticals,,,immuneonco-biopharmaceuticals
3681,HK,SinoMab BioSci,Здравоохранение,Фармацевтические компании,sinomab-bioscience-ltd
2137,HK,Brii Biosciences,Здравоохранение,Биотехнологии и медицинские исследования,brii-biosciences
1877,HK,Shanghai Junshi Biosciences,Здравоохранение,Фармацевтические компании,shanghai-junshi-biosciences-co
2162,HK,Keymed Biosciences,Здравоохранение,Биотехнологии и медицинские исследования,keymed-biosciences
0399,HK,Innovative Pharma Biotech,Промышленность,"Оборудование, инструменты, автомобили большой грузоподъемности, железнодорожный и водный транспорт",innovative-pharmaceutical-biotech
8037,HK,China Biotech Services Holdings,Здравоохранение,Учреждения и услуги здравоохранения,rui-kang-pharmaceutical-group-inves
1873,HK,VIVA Biotech Holdings,Здравоохранение,Фармацевтические компании,viva-biotech-holdings
2696,HK,Henlius Biotech,Здравоохранение,Фармацевтические компании,shanghai-henlius-biotech-inc
1548,HK,Genscript Biotech Corp,Здравоохранение,Биотехнологии и медицинские исследования,genscript-biotech-corp
6990,HK,Sichuan Kelun Biotech,Здравоохранение,Биотехнологии и медицинские исследования,sichuan-kelun-biotech
6955,HK,Shandong Boan Biotechnology,Здравоохранение,Фармацевтические компании,shandong-boan-biotechnology
0888,HK,Bison Finance,Потребительские товары выборочного спроса,СМИ и издательское дело,roadshow-holdings-ltd
6993,HK,Blue Moon,Потребительские товары повседневного спроса,Товары и услуги личного пользования и хозяйственного назначения,blue-moon-group-holdings
0498,HK,Blue River Holdings,Промышленность,Транспортная инфраструктура,pyi-corp-ltd
3983,HK,China BlueChemical,Сырье,Химическая промышленность,china-bluechem
2663,HK,KPa-BM,Промышленность,Строительство и проектирование,kpa-bm-holdings-ltd
1204,HK,BoardWare Intelligence Technology,Технологии,Программное обеспечение и ИТ-услуги,boardware-intelligence-technology
2388,HK,BOC HK,Финансы,Банковские услуги,boc-hong-kong
82388,HK,BOC Hong Kong Holdings,Финансы,Банковские услуги,boc-hong-kong-holdings
3329,HK,BOCOM International,Финансы,Инвестиционно-банковские и инвестиционные услуги,bocom-international-holdings-co-ltd
0710,HK,Boe Varitronix,Технологии,Электронное оборудование и запчасти,varitronix-international?cid=990431
1685,HK,Boer Power,Технологии,Программное обеспечение и ИТ-услуги,boer-power
9668,HK,China Bohai,Финансы,Банковские услуги,china-bohai-bank-co-ltd
1246,HK,Boill Healthcare,Недвижимость,Операции с недвижимостью,ngai-shun-holdings-ltd
1758,HK,Bojun Education,Образовательные услуги,"Школы, колледжи и университеты",bojun-education-company-ltd
8601,HK,Boltek,Промышленность,Строительство и проектирование,boltek-holdings
0653,HK,Bonjour,Потребительские товары выборочного спроса,Специализированные розничные торговцы,bonjour-holdings-ltd
1906,HK,Bonny International Holding,Потребительские товары выборочного спроса,Текстиль и одежда,bonny-international-holding-ltd
2377,HK,China Boqi Environmental,Промышленность,Строительство и проектирование,china-boqi-environmental-holding
1856,HK,Ernest Borel,Потребительские товары выборочного спроса,Текстиль и одежда,ernest-borel-holdings-ltd
8118,HK,Bortex Global,Промышленность,"Оборудование, инструменты, автомобили большой грузоподъемности, железнодорожный и водный транспорт",bortex-global
8140,HK,Bosa Tech,Промышленность,Строительство и проектирование,bosa-tech
3998,HK,Bosideng Int Holdings,Потребительские товары выборочного спроса,Текстиль и одежда,bosideng
0592,HK,Bossini Intl,Потребительские товары выборочного спроса,Специализированные розничные торговцы,bossini-international-holdings-ltd
0434,HK,Boyaa Interactive Int,Технологии,Программное обеспечение и ИТ-услуги,boyaa-interactive-international-ltd
1069,HK,China Bozza Development,Потребительские товары повседневного спроса,Еда и табачные изделия,china-agroforestry-low-carbon-holdi
1082,HK,Bradaverse Education,Технологии,"Компьютеры, телефоны и бытовая электроника",hong-kong-education-intl-investment
2203,HK,Brainhole Technology,Технологии,Полупроводники и полупроводниковое оборудование,top-dynamic-international-holdings
1749,HK,Shanshan Brand,Потребительские товары выборочного спроса,Текстиль и одежда,shanshan-brand-management
0236,HK,San Miguel Brewery Hong Kong,Потребительские товары повседневного спроса,Напитки,san-miguel-brewery-hong-kong-ltd
0168,HK,Tsingtao Brewery,Потребительские товары повседневного спроса,Напитки,tsingtao-brewery
1859,HK,China Bright Culture,Потребительские товары выборочного спроса,СМИ и издательское дело,china-bright-culture-group
1351,HK,Bright Future,Потребительские товары выборочного спроса,СМИ и издательское дело,bright-future-technology-holdings
2212,HK,Future Bright Mining,Сырье,Строительные материалы,future-bright-mining-holdings-ltd
1428,HK,Bright Smart Securities & Commodities,Финансы,Инвестиционно-банковские и инвестиционные услуги,bright-smart-securities-commodities
0703,HK,Future Bright,Потребительские товары выборочного спроса,Гостиничные и развлекательные услуги,future-bright-holdings
8446,HK,Brightstar Tech,Промышленность,Профессиональные и коммерческие услуги,in-technical-productions
8372,HK,Grand Brilliance Gr,Здравоохранение,Оборудование и др. поставки для системы здравоохранения,grand-brilliance-group-holdings-ltd
8026,HK,China Brilliant Global,Потребительские товары выборочного спроса,Текстиль и одежда,prosten-technology-holdings-ltd
2163,HK,Changsha Broad Homes,Сырье,Строительные материалы,changsha-broad-homes-ind-group-ltd
1253,HK,China Greenland Broad,Промышленность,Строительство и проектирование,broad-greenstate-international
0511,HK,Television Broadcasts,Потребительские товары выборочного спроса,СМИ и издательское дело,tvb
0159,HK,Brockman Mining Ltd,Сырье,Металлургия и горнодобывающая промышленность,brockman-mining-ltd?cid=990118
2216,HK,Broncus Holding,Здравоохранение,Оборудование и др. поставки для системы здравоохранения,broncus-holding
0953,HK,Shaw Brothers,Потребительские товары выборочного спроса,СМИ и издательское дело,shaw-brothers-holdings-ltd
1876,HK,Budweiser,Потребительские товары повседневного спроса,Напитки,budweiser-brewing-company-apac-ltd
0240,HK,Build King,Промышленность,Строительство и проектирование,build-king-holdings-ltd
1903,HK,JBB Builders International,Сырье,Строительные материалы,jbb-builders-international-ltd
3323,HK,China National Building,Сырье,Строительные материалы,china-national-building-material
0026,HK,China Motor Bus,Недвижимость,Операции с недвижимостью,china-motor-bus-co-ltd
0306,HK,Kwoon Chung Bus,Промышленность,Услуги пассажирских перевозок,kwoon-chung-bus-holdings-ltd
1782,HK,International Business Digital Tech,Технологии,Программное обеспечение и ИТ-услуги,vixtel-technologies-holdings-ltd
1797,HK,East Buy Holding,Технологии,Программное обеспечение и ИТ-услуги,koolearn-technology-holding-ltd
2457,HK,Buyang International Holding,Потребительские товары выборочного спроса,Автомобили и запчасти к ним,buyang-international-holding
0285,HK,BYD Electronic Int,Технологии,Электронное оборудование и запчасти,byd-electronic
1211,HK,BYD Co.,Потребительские товары выборочного спроса,Автомобили и запчасти к ним,byd-co.
81211,HK,BYD,Потребительские товары выборочного спроса,Автомобили и запчасти к ним,byd
8645,HK,Byte Metaverse Holdings,Технологии,Телекоммуникационные услуги,nomad-technologies-holdings-ltd
8430,HK,C&N Holdings,Промышленность,Транспортные и логистические услуги,cn-holdings-ltd
2156,HK,C D Property Management Group Co,Недвижимость,Операции с недвижимостью,c-d-property-management-group-co
0731,HK,C D Newin Paper Pulp,Сырье,Бумага и изделия из древесины,samson-paper-holdings-ltd
1463,HK,C Link,Технологии,Программное обеспечение и ИТ-услуги,c-link-squared-ltd
1908,HK,C&D Intl Investment,Недвижимость,Операции с недвижимостью,c-d-international-investment-group
3309,HK,C-Mer Eye Care,Здравоохранение,Учреждения и услуги здравоохранения,c-mer-eye-care-holdings
1486,HK,C Cheng,Потребительские товары выборочного спроса,Жилищное строительство и строительные материалы,c-cheng-holdings-ltd
1224,HK,C C Land Holdings,Недвижимость,Операции с недвижимостью,c-c-land
1028,HK,C.banner Intl,Потребительские товары выборочного спроса,Специализированные розничные торговцы,c.banner-international-holdings-ltd
1566,HK,CA Cultural Technology,Потребительские товары выборочного спроса,Гостиничные и развлекательные услуги,china-animation-characters-co-ltd
2030,HK,Cabbeen Fashion,Потребительские товары выборочного спроса,Текстиль и одежда,cabbeen-fashion-ltd
1202,HK,Chengdu PUTIAN Telecom Cable,Промышленность,"Оборудование, инструменты, автомобили большой грузоподъемности, железнодорожный и водный транспорт",chengdu-putian-telecom-cable?cid=990661
1097,HK,I-Cable Communications,Потребительские товары выборочного спроса,СМИ и издательское дело,i-cable-communications?cid=990605
0341,HK,Cafe De Coral Holdings Ltd,Потребительские товары выборочного спроса,Гостиничные и развлекательные услуги,cafe-de-coral-holdings-ltd
3931,HK,CALB,Промышленность,"Оборудование, инструменты, автомобили большой грузоподъемности, железнодорожный и водный транспорт",calb
1228,HK,Canbridge Pharmaceuticals,Здравоохранение,Фармацевтические компании,canbridge-pharmaceuticals
2169,HK,Canggang Railway,Промышленность,Транспортные и логистические услуги,canggang-railway-ltd
1381,HK,Canvest Environmental Protection,Коммунальные услуги,Энергетические компании и независимые производители электроэнергии,canvest-environ-protection-gr
1075,HK,Capinfo,Технологии,Программное обеспечение и ИТ-услуги,capinfo-co-ltd
0730,HK,Capital Industrial Financial Services,Сырье,Металлургия и горнодобывающая промышленность,shougang-concord-grand-group-ltd
1065,HK,Tianjin Capital Environmental,Коммунальные услуги,Водоснабжающие и коммунальные компании,tianjin-capital-environmental?cid=990593
1545,HK,Design Capital,Потребительские товары выборочного спроса,Хозяйственные товары,design-capital-ltd
8239,HK,Capital Finance,Финансы,Банковские услуги,capital-fin
3908,HK,China International Capital Corp Lt,Финансы,Инвестиционно-банковские и инвестиционные услуги,china-international-capital-corp-lt
0717,HK,Emperor Capital,Финансы,Инвестиционно-банковские и инвестиционные услуги,emperor-capital-group-ltd
0936,HK,Kaisa Capital Investment Holdings,Промышленность,"Оборудование, инструменты, автомобили большой грузоподъемности, железнодорожный и водный транспорт",eagle-legend-asia-ltd
1141,HK,CMBC Capital,Финансы,Инвестиционно-банковские и инвестиционные услуги,skyway-securities-group-ltd
1973,HK,Tian Tu Capital,Финансы,Инвестиционно-банковские и инвестиционные услуги,tian-tu-capital
2288,HK,Rykadan Capital,Недвижимость,Операции с недвижимостью,rykadan-capital-ltd-be
1269,HK,China First Capital,Потребительские товары выборочного спроса,Автомобили и запчасти к ним,china-first-capital-group-ltd
0193,HK,Capital Estate,Финансы,Инвестиционно-банковские и инвестиционные услуги,capital-estate
0188,HK,Sunwah Kingsway Capital,Финансы,Инвестиционно-банковские и инвестиционные услуги,sunwah-kingsway-capital-holdings-lt
2324,HK,Capital VC,Финансы,Инвестиционно-банковские и инвестиционные услуги,capital-vc-ltd
8621,HK,Metropolis Capital,Финансы,Банковские услуги,metropolis-capital-holdings
0804,HK,Pinestone Capital,Финансы,Инвестиционно-банковские и инвестиционные услуги,pinestone-capital-ltd
8439,HK,Somerley Capital,Финансы,Инвестиционно-банковские и инвестиционные услуги,somerley-capital-holdings-ltd
0204,HK,Capital Realm Financial Holdings,Финансы,Инвестиционные холдинги,china-invest
3989,HK,Capital Environment,Промышленность,Профессиональные и коммерческие услуги,capital-environment-holdings-ltd?cid=990968
0356,HK,DT Capital,Финансы,Инвестиционные холдинги,dt-capital-ltd
0905,HK,Walnut Capital,Финансы,Инвестиционно-банковские и инвестиционные услуги,global-mastermind-capital-ltd
1160,HK,Goldstone Capital,Финансы,Инвестиционно-банковские и инвестиционные услуги,grand-investment-international-ltd
9690,HK,TUHU Car,Потребительские товары выборочного спроса,Специализированные розничные торговцы,tuhu-car
1372,HK,China Carbon Neutral Development,Промышленность,Строительство и проектирование,excel-development-holdings-ltd
2160,HK,Microport Cardioflow Medtech,Здравоохранение,Оборудование и др. поставки для системы здравоохранения,microport-cardioflow-medtech
2219,HK,Chaoju Eye Care Holdings,Здравоохранение,Учреждения и услуги здравоохранения,chaoju-eye-care-holdings
0837,HK,Carpenter Tan,Сырье,Бумага и изделия из древесины,carpenter-tan-holdings-ltd
0146,HK,Tai Ping Carpets Intl,Потребительские товары выборочного спроса,Хозяйственные товары,tai-ping-carpets-international-ltd
0126,HK,Carrianna,Потребительские товары выборочного спроса,Гостиничные и развлекательные услуги,carrianna-group-holdings-co-ltd
0643,HK,Carry Wealth,Потребительские товары выборочного спроса,Текстиль и одежда,carry-wealth-holdings-ltd
2171,HK,CARsgen Therapeutics Holdings,Здравоохранение,Биотехнологии и медицинские исследования,carsgen-therapeutics-holdings
2223,HK,Casablanca,Потребительские товары выборочного спроса,Хозяйственные товары,casablanca-group-ltd
2483,HK,K Cash,Финансы,Банковские услуги,k-cash
0510,HK,CASH Financial Services,Финансы,Инвестиционно-банковские и инвестиционные услуги,cash-financial-services-group-ltd
2328,HK,PICC Property & Casualty,Финансы,Страхование,picc-property---casualty
0520,HK,Xiabuxiabu Catering Management,Потребительские товары выборочного спроса,Гостиничные и развлекательные услуги,xiabuxiabu-catering-managem
8619,HK,King of Catering Global Holdings,Промышленность,Строительство и проектирование,wac-holdings
1981,HK,Cathay Media,Образовательные услуги,Неклассифицированные поставщики образовательных услуг,cathay-media-and-education-group-in
6868,HK,Tenfu Cayman,Потребительские товары повседневного спроса,Еда и табачные изделия,tenfu-cayman-holdings-co-ltd
1821,HK,ESR Cayman,Финансы,Инвестиционно-банковские и инвестиционные услуги,esr-cayman-ltd
2126,HK,Jw Cayman,Здравоохранение,Биотехнологии и медицинские исследования,jw-cayman-therapeutics-co-ltd
1809,HK,Prinx Chengshan (Cayman),Потребительские товары выборочного спроса,Автомобили и запчасти к ним,prinx-chengshan-cayman
2451,HK,Luyuan Holding Cayman,Потребительские товары выборочного спроса,Товары для досуга,luyuan-holding-cayman
2268,HK,WuXi XDC Cayman,Здравоохранение,Фармацевтические компании,wuxi-xdc-cayman-inc
8428,HK,CBK,Потребительские товары выборочного спроса,Гостиничные и развлекательные услуги,cbk-holdings-ltd
8270,HK,China CBM Co,Энергетика,Газ и нефть,china-cbm
0145,HK,CCIAM Future Energy,Промышленность,Профессиональные и коммерческие услуги,hong-kong-building-and-loan-agency
2176,HK,CCID Consulting,Промышленность,Профессиональные и коммерческие услуги,ccid-consulting-co-ltd
0138,HK,CCT Fortis,Потребительские товары выборочного спроса,Специализированные розничные торговцы,cct-fortis-holdings-ltd
0759,HK,CEC Intl,Потребительские товары повседневного спроса,Розничная торговля едой и лекарствами,cec-international-holdings-ltd
6655,HK,Huaxin Cement,Сырье,Строительные материалы,huaxin-cement-co
2233,HK,West China Cement,Сырье,Строительные материалы,westchinacemen
0695,HK,Dongwu Cement Intl,Сырье,Строительные материалы,dongwu-cement-international-ltd
1252,HK,China Tianrui Cement,Сырье,Строительные материалы,china-tianrui-group-cement-co-ltd
1313,HK,China Resources Cement,Сырье,Строительные материалы,chinares-cemen
0691,HK,China Shanshui Cement,Сырье,Строительные материалы,shanshui-cemen
1959,HK,Centenary United,Потребительские товары выборочного спроса,Специализированные розничные торговцы,centenary-united-holdings-ltd
0475,HK,Central Development Holdings,Энергетика,Возобновляемая энергия,zhong-fa-zhan-holdings-ltd-be
0139,HK,Central Wealth Holdings,Финансы,Инвестиционно-банковские и инвестиционные услуги,china-jinhai-international
1375,HK,Central China Securities,Финансы,Инвестиционно-банковские и инвестиционные услуги,cc-securities
9983,HK,Central China,Недвижимость,Операции с недвижимостью,central-china-new-life-ltd
0832,HK,Central China Real Estate,Недвижимость,Операции с недвижимостью,central-china
1735,HK,Central Holding Group Co Ltd,Промышленность,Строительство и проектирование,wang-yang-holdings-ltd
9982,HK,Central China Management Co,Промышленность,Строительство и проектирование,central-china-management-co
0051,HK,Harbour Centre Development,Потребительские товары выборочного спроса,Гостиничные и развлекательные услуги,harbour-centre-development-ltd
0432,HK,Pacific Century Premium,Недвижимость,Операции с недвижимостью,pacific-century-premium-development
8132,HK,Century Energy International Holdings,Сырье,Химическая промышленность,chinaoilgangra
8125,HK,Royal Century Resources Holdings,Потребительские товары выборочного спроса,Жилищное строительство и строительные материалы,kate-china-holdings-ltd
1518,HK,New Century Healthcare,Здравоохранение,Учреждения и услуги здравоохранения,new-century-healthcare-holding-co-l
0234,HK,New Century Hong Kong,Финансы,Банковские услуги,new-century-group-hong-kong-ltd
0355,HK,Century City Intl,Недвижимость,Операции с недвижимостью,century-city-international-holdings
0959,HK,Century Entertainment International Holdings,Технологии,Программное обеспечение и ИТ-услуги,amax-international-holdings
2113,HK,Century International Holdings,Промышленность,Строительство и проектирование,cherish-holdings-ltd
0079,HK,Century Legend,Потребительские товары повседневного спроса,Товары и услуги личного пользования и хозяйственного назначения,century-legend-holdings-ltd
0162,HK,Century Ginwa Retail,Потребительские товары выборочного спроса,Диверсифицированные розничные товары,century-ginwa-retail-holdings-ltd
0509,HK,Century Sunshine,Сырье,Металлургия и горнодобывающая промышленность,century-sunshine-group-holdings-ltd
8507,HK,I century,Потребительские товары выборочного спроса,Текстиль и одежда,i-century-holding-ltd
0103,HK,Shougang Concord Century,Сырье,Металлургия и горнодобывающая промышленность,shougang-concord-century-holdings-l
1164,HK,CGN Mining,Энергетика,Уран,cgn-mining-co-ltd?cid=990640
1816,HK,CGN Power Co Ltd,Коммунальные услуги,Энергетические компании и независимые производители электроэнергии,cgn-power-co-ltd
1811,HK,CGN New Energy,Коммунальные услуги,Энергетические компании и независимые производители электроэнергии,cgn-meiya-power-holding-co-ltd
2321,HK,Swang Chai Chuan,Потребительские товары повседневного спроса,Розничная торговля едой и лекарствами,swang-chai-chuan
3708,HK,China Supply Chain Holdings,Промышленность,Строительство и проектирование,yat-sing
2778,HK,Champion Real Estate,Недвижимость,ПИФы в сфере жилищной и коммерческой недвижимости,champion-reit
0092,HK,Champion Tech,Энергетика,Возобновляемая энергия,champion-tech
2182,HK,Tian Chang Group,Потребительские товары повседневного спроса,Еда и табачные изделия,tian-chang-group-holdings
8139,HK,Zhejiang ChangAn Renheng,Сырье,Химическая промышленность,zhejiang-changan-renheng-technology
8286,HK,Shanxi Changcheng Microlight,Технологии,Электронное оборудование и запчасти,shanxi-changcheng-microlight-equipm
3991,HK,Changhong Jiahua,Технологии,"Компьютеры, телефоны и бытовая электроника",changhong-jiahua-holdings-ltd
1558,HK,Yichang Hec Changjiang Pharma,Здравоохранение,Фармацевтические компании,yichang-hec-changjiang-pharmaceutic
6959,HK,Changjiu Holdings,Технологии,Интегрированное аппаратное и программное обеспечение,changjiu-holdings
8049,HK,Jilin Province Huinan Changlong,Здравоохранение,Фармацевтические компании,jilin-changlon
2017,HK,Chanhigh Holdings,Промышленность,Строительство и проектирование,chanhigh-holdings-ltd
1588,HK,Chanjet Info Tech,Технологии,Программное обеспечение и ИТ-услуги,chanjet-information-technology-c-be?cid=990788
1872,HK,Guan Chao,Потребительские товары выборочного спроса,Автомобили и запчасти к ним,guan-chao
2322,HK,Hong Kong ChaoShang Group Ltd,Технологии,Электронное оборудование и запчасти,noble-century-investment-holdings
0951,HK,Chaowei Power Holdings,Потребительские товары выборочного спроса,Автомобили и запчасти к ним,chaowei-power-holdings-ltd
2289,HK,Charmacy Pharmaceutical,Потребительские товары повседневного спроса,Розничная торговля едой и лекарствами,chuangmei-pharmaceutical-co-ltd
2888,HK,Standard Chartered,Финансы,Банковские услуги,standard-chartered?cid=960738
6601,HK,Cheerwin Group,Потребительские товары повседневного спроса,Товары и услуги личного пользования и хозяйственного назначения,cheerwin-group
0827,HK,Ko Yo Chemical,Сырье,Химическая промышленность,ko-yo-chemical-group-ltd-be
1986,HK,Tsaker Chemical,Сырье,Химическая промышленность,tsaker-chemical-group-ltd
0148,HK,Kingboard Chemical Holdings Ltd,Технологии,Электронное оборудование и запчасти,kingboard-chemical-holdings-ltd
0386,HK,China Petrol & Chemical H,Энергетика,Газ и нефть,sinopec-corp
0362,HK,China Zenith Chemical,Сырье,Химическая промышленность,china-zenith-chemical-group
1702,HK,Dongguang Chemical,Сырье,Химическая промышленность,dongguang-chemical
0746,HK,Lee & Man Chemical,Сырье,Химическая промышленность,l---m-chemical
0408,HK,Yip’s Chemical,Сырье,Химическая промышленность,yip-s-chemical-holdings-ltd
0139,HK,Central Wealth Holdings,Финансы,Инвестиционно-банковские и инвестиционные услуги,china-jinhai-international
1375,HK,Central China Securities,Финансы,Инвестиционно-банковские и инвестиционные услуги,cc-securities
9983,HK,Central China,Недвижимость,Операции с недвижимостью,central-china-new-life-ltd
0832,HK,Central China Real Estate,Недвижимость,Операции с недвижимостью,central-china
1735,HK,Central Holding Group Co Ltd,Промышленность,Строительство и проектирование,wang-yang-holdings-ltd
9982,HK,Central China Management Co,Промышленность,Строительство и проектирование,central-china-management-co
0051,HK,Harbour Centre Development,Потребительские товары выборочного спроса,Гостиничные и развлекательные услуги,harbour-centre-development-ltd
0432,HK,Pacific Century Premium,Недвижимость,Операции с недвижимостью,pacific-century-premium-development
8132,HK,Century Energy International Holdings,Сырье,Химическая промышленность,chinaoilgangra
8125,HK,Royal Century Resources Holdings,Потребительские товары выборочного спроса,Жилищное строительство и строительные материалы,kate-china-holdings-ltd
1518,HK,New Century Healthcare,Здравоохранение,Учреждения и услуги здравоохранения,new-century-healthcare-holding-co-l
0234,HK,New Century Hong Kong,Финансы,Банковские услуги,new-century-group-hong-kong-ltd
0355,HK,Century City Intl,Недвижимость,Операции с недвижимостью,century-city-international-holdings
0959,HK,Century Entertainment International Holdings,Технологии,Программное обеспечение и ИТ-услуги,amax-international-holdings
2113,HK,Century International Holdings,Промышленность,Строительство и проектирование,cherish-holdings-ltd
0079,HK,Century Legend,Потребительские товары повседневного спроса,Товары и услуги личного пользования и хозяйственного назначения,century-legend-holdings-ltd
0162,HK,Century Ginwa Retail,Потребительские товары выборочного спроса,Диверсифицированные розничные товары,century-ginwa-retail-holdings-ltd
0509,HK,Century Sunshine,Сырье,Металлургия и горнодобывающая промышленность,century-sunshine-group-holdings-ltd
8507,HK,I century,Потребительские товары выборочного спроса,Текстиль и одежда,i-century-holding-ltd
0103,HK,Shougang Concord Century,Сырье,Металлургия и горнодобывающая промышленность,shougang-concord-century-holdings-l
1164,HK,CGN Mining,Энергетика,Уран,cgn-mining-co-ltd?cid=990640
1816,HK,CGN Power Co Ltd,Коммунальные услуги,Энергетические компании и независимые производители электроэнергии,cgn-power-co-ltd
1811,HK,CGN New Energy,Коммунальные услуги,Энергетические компании и независимые производители электроэнергии,cgn-meiya-power-holding-co-ltd
2321,HK,Swang Chai Chuan,Потребительские товары повседневного спроса,Розничная торговля едой и лекарствами,swang-chai-chuan
3708,HK,China Supply Chain Holdings,Промышленность,Строительство и проектирование,yat-sing
2778,HK,Champion Real Estate,Недвижимость,ПИФы в сфере жилищной и коммерческой недвижимости,champion-reit
0092,HK,Champion Tech,Энергетика,Возобновляемая энергия,champion-tech
2182,HK,Tian Chang Group,Потребительские товары повседневного спроса,Еда и табачные изделия,tian-chang-group-holdings
8139,HK,Zhejiang ChangAn Renheng,Сырье,Химическая промышленность,zhejiang-changan-renheng-technology
8286,HK,Shanxi Changcheng Microlight,Технологии,Электронное оборудование и запчасти,shanxi-changcheng-microlight-equipm
3991,HK,Changhong Jiahua,Технологии,"Компьютеры, телефоны и бытовая электроника",changhong-jiahua-holdings-ltd
1558,HK,Yichang Hec Changjiang Pharma,Здравоохранение,Фармацевтические компании,yichang-hec-changjiang-pharmaceutic
6959,HK,Changjiu Holdings,Технологии,Интегрированное аппаратное и программное обеспечение,changjiu-holdings
8049,HK,Jilin Province Huinan Changlong,Здравоохранение,Фармацевтические компании,jilin-changlon
2017,HK,Chanhigh Holdings,Промышленность,Строительство и проектирование,chanhigh-holdings-ltd
1588,HK,Chanjet Info Tech,Технологии,Программное обеспечение и ИТ-услуги,chanjet-information-technology-c-be?cid=990788
1872,HK,Guan Chao,Потребительские товары выборочного спроса,Автомобили и запчасти к ним,guan-chao
2322,HK,Hong Kong ChaoShang Group Ltd,Технологии,Электронное оборудование и запчасти,noble-century-investment-holdings
0951,HK,Chaowei Power Holdings,Потребительские товары выборочного спроса,Автомобили и запчасти к ним,chaowei-power-holdings-ltd
2289,HK,Charmacy Pharmaceutical,Потребительские товары повседневного спроса,Розничная торговля едой и лекарствами,chuangmei-pharmaceutical-co-ltd
2888,HK,Standard Chartered,Финансы,Банковские услуги,standard-chartered?cid=960738
6601,HK,Cheerwin Group,Потребительские товары повседневного спроса,Товары и услуги личного пользования и хозяйственного назначения,cheerwin-group
0827,HK,Ko Yo Chemical,Сырье,Химическая промышленность,ko-yo-chemical-group-ltd-be
1986,HK,Tsaker Chemical,Сырье,Химическая промышленность,tsaker-chemical-group-ltd
0148,HK,Kingboard Chemical Holdings Ltd,Технологии,Электронное оборудование и запчасти,kingboard-chemical-holdings-ltd
0386,HK,China Petrol & Chemical H,Энергетика,Газ и нефть,sinopec-corp
0362,HK,China Zenith Chemical,Сырье,Химическая промышленность,china-zenith-chemical-group
1702,HK,Dongguang Chemical,Сырье,Химическая промышленность,dongguang-chemical
0746,HK,Lee & Man Chemical,Сырье,Химическая промышленность,l---m-chemical
0408,HK,Yip’s Chemical,Сырье,Химическая промышленность,yip-s-chemical-holdings-ltd